seed	generator_depth	generator_base_breadth	batch_size	min_data_size	max_data_size	normalization	augmentation_dict	epochs	patience
1	4	16	8	50	400	{'std': 2250, 'mean': 1500}	{}	2	100
d_loss	g_loss	mae	val_loss	val_mae
0.7992361783981323	1.8299976587295532	1319.1541748046875	1243.7503662109375	1243.7503662109375
0.7089475393295288	1.6247692108154297	1236.598388671875	1179.5096435546875	1179.5096435546875
