seed	generator_depth	generator_base_breadth	batch_size	min_data_size	max_data_size	normalization	augmentation_dict	epochs	patience
1	4	16	8	200	400	{'std': 2250, 'mean': 1500}	{}	2	100
d_loss	g_loss	mae	val_loss	val_mae
0.572701096534729	808.9407958984375	1150.917236328125	988.4729614257812	988.4729614257812
0.4456619620323181	741.9612426757812	911.01025390625	857.4383544921875	857.4383544921875
