d_loss	g_loss	mae	val_loss	val_mae
0.5998777151107788	1.5220627784729004	1369.2603759765625	1230.7706298828125	1230.7706298828125
