d_loss	g_loss	mae	val_loss	val_mae
0.6683058738708496	1.4371516704559326	1212.1314697265625	1149.54736328125	1149.54736328125
