d_loss	g_loss	mae	val_loss	val_mae
0.6351902484893799	1.3478606939315796	1064.6724853515625	986.9912109375	986.9912109375
