d_loss	g_loss	mae	val_loss	val_mae
0.6643695831298828	1.492965579032898	1285.2093505859375	1178.1925048828125	1178.1925048828125
