d_loss	g_loss	mae	val_loss	val_mae
0.6096763610839844	1.3555079698562622	1160.4058837890625	1077.805908203125	1077.805908203125
