d_loss	g_loss	mae	val_loss	val_mae
0.6045648455619812	1.7093409299850464	1386.4139404296875	1280.0511474609375	1280.0511474609375
