d_loss	g_loss	mae	val_loss	val_mae
0.6460542678833008	1.2885305881500244	1064.2000732421875	952.5142822265625	952.5142822265625
