d_loss	g_loss	mae	val_loss	val_mae
0.6709110140800476	1.6642851829528809	1369.4876708984375	1339.638427734375	1339.638427734375
